datetime,mean_stage
2026-06-01,2795.1666666666665
2026-06-02,2798.0833333333335
2026-06-03,2799.7916666666665
2026-06-04,2802.9375
2026-06-05,2806.1875
2026-06-06,2810.7916666666665
2026-06-07,2815.4895833333335
2026-06-08,2819.3541666666665
2026-06-09,2824.3645833333335
2026-06-10,2828.0833333333335
2026-06-11,2831.8645833333335
2026-06-12,2835.0104166666665
2026-06-13,2837.15625
2026-06-14,2839.125
2026-06-15,2841.375
2026-06-16,2842.9583333333335
2026-06-17,2844.875
2026-06-18,2846.625
2026-06-19,2847.8958333333335
2026-06-20,2848.3333333333335
2026-06-21,2848.8645833333335
2026-06-22,2849.1041666666665
2026-06-23,2849.0833333333335
2026-06-24,2849.3229166666665
2026-06-25,2849.0729166666665
2026-06-26,2848.8541666666665
2026-06-27,2848.8333333333335
2026-06-28,2848.9270833333335
2026-06-29,2849.09375
2026-06-30,2849.6875
2026-07-01,2849.5208333333335
2026-07-02,2847.9270833333335
2026-07-03,2845.9895833333335
2026-07-04,2844.6770833333335
2026-07-05,2842.6145833333335
2026-07-06,2840.1458333333335
2026-07-07,2838.1145833333335
2026-07-08,2835.6979166666665
2026-07-09,2833.7291666666665
2026-07-10,2831.2395833333335
2026-07-11,2828.25
2026-07-12,2825.5729166666665
2026-07-13,2822.3229166666665
2026-07-14,2819.28125
2026-07-15,2816.6275
2026-07-16,2812.757916666667
2026-07-17,2809.3020833333335
2026-07-18,2805.3229166666665
2026-07-19,2801.6458333333335
2026-07-20,2797.8229166666665
2026-07-21,2793.8958333333335
2026-07-22,2789.4270833333335
2026-07-23,2785.1145833333335
2026-07-24,2780.1875
2026-07-25,2775.2604166666665
2026-07-26,2770.3854166666665
2026-07-27,2764.7604166666665
2026-07-28,2759.0208333333335
2026-07-29,2752.7083333333335
2026-07-30,2745.8541666666665
2026-07-31,2739.7291666666665
2026-08-01,2733.21875
2026-08-02,2726.0833333333335
2026-08-03,2719.227083333333
2026-08-04,2712.1666666666665
2026-08-05,2705.3125
2026-08-06,2697.0729166666665
2026-08-07,2688.9166666666665
2026-08-08,2680.2291666666665
2026-08-09,2671.0625
2026-08-10,2662.2916666666665
2026-08-11,2653.7916666666665
2026-08-12,2643.6041666666665
2026-08-13,2634.8229166666665
2026-08-14,2625.5833333333335
2026-08-15,2615.5208333333335
2026-08-16,2604.9166666666665
2026-08-17,2593.9791666666665
2026-08-18,2583.03125
2026-08-19,2571.71875
2026-08-20,2560.625
2026-08-21,2548.9895833333335
2026-08-22,2536.59375
2026-08-23,2525.0
2026-08-24,2512.6666666666665
2026-08-25,2499.6666666666665
2026-08-26,2486.5
2026-08-27,2472.7916666666665
2026-08-28,2458.59375
2026-08-29,2443.7708333333335
2026-08-30,2429.65625
2026-08-31,2415.6521739130435
2026-09-01,2401.1770833333335
2026-09-02,2386.2708333333335
2026-09-03,2371.8020833333335
2026-09-04,2357.3125
2026-09-05,2341.7291666666665
2026-09-06,2325.6875
2026-09-07,2310.2708333333335
2026-09-08,2293.1145833333335
2026-09-09,2276.84375
2026-09-10,2260.4583333333335
2026-09-11,2243.3854166666665
2026-09-12,2226.0833333333335
2026-09-13,2208.3541666666665
2026-09-14,2191.9583333333335
2026-09-15,2172.6979166666665
2026-09-16,2153.6666666666665
2026-09-17,2135.8020833333335
2026-09-18,2116.28125
2026-09-19,2096.4791666666665
2026-09-20,2077.59375
2026-09-21,2055.9479166666665
2026-09-22,2034.8020833333333
2026-09-23,2013.0729166666667
2026-09-24,1991.8854166666667
2026-09-25,1968.75
2026-09-26,1949.2291666666667
2026-09-27,1929.9166666666667
2026-09-28,1912.2604166666667
2026-09-29,1896.0217391304348
